Metric,Value
MAE,1497612.4703830592
RMSE,1973017.144945927
