Model,MAE,RMSE
LSTM,1379491.1340740728,1860387.504834807
