Model,MAE,RMSE
XGBoost,1529770.7370370368,1900497.3677673496
